{
  "runs": 3,
  "results": [
    {
      "file": "sar-data_CaseID-00295132_Host-LIVE-900-09_20260430T171653.txt",
      "sizeMB": 69.1,
      "perApp": {
        "sarchart-old": {
          "read": {
            "min": 30.30000001192093,
            "max": 35,
            "median": 31.69999998807907,
            "mean": 32.333333333333336,
            "samples": [
              35,
              31.69999998807907,
              30.30000001192093
            ]
          },
          "dashboard": {
            "min": 4938.805875,
            "max": 4990.471375,
            "median": 4942.133292,
            "mean": 4957.136847333333,
            "samples": [
              4942.133292,
              4990.471375,
              4938.805875
            ]
          }
        },
        "sarkart-plotly": {
          "read": {
            "min": 29.69999998807907,
            "max": 32.099999994039536,
            "median": 30.299999982118607,
            "mean": 30.69999998807907,
            "samples": [
              30.299999982118607,
              32.099999994039536,
              29.69999998807907
            ]
          },
          "dashboard": {
            "min": 705.1566249999996,
            "max": 708.7622499999998,
            "median": 708.0139580000014,
            "mean": 707.3109443333336,
            "samples": [
              708.0139580000014,
              705.1566249999996,
              708.7622499999998
            ]
          }
        }
      }
    },
    {
      "file": "sar-data_CaseID-12345678_Host-Server60_20260508T041406.txt",
      "sizeMB": 313.1,
      "perApp": {
        "sarchart-old": {
          "read": {
            "min": 132.7000000178814,
            "max": 142.5,
            "median": 140.30000001192093,
            "mean": 138.5000000099341,
            "samples": [
              132.7000000178814,
              140.30000001192093,
              142.5
            ]
          },
          "dashboard": {
            "min": 52017.04762500001,
            "max": 52542.185124999996,
            "median": 52043.19945900001,
            "mean": 52200.81073633333,
            "samples": [
              52542.185124999996,
              52017.04762500001,
              52043.19945900001
            ]
          }
        },
        "sarkart-plotly": {
          "read": {
            "min": 116.09999999403954,
            "max": 139.19999998807907,
            "median": 117.19999998807907,
            "mean": 124.16666665673256,
            "samples": [
              139.19999998807907,
              117.19999998807907,
              116.09999999403954
            ]
          },
          "dashboard": {
            "min": 2284.124582999997,
            "max": 2331.3614579999994,
            "median": 2320.6993749999965,
            "mean": 2312.061805333331,
            "samples": [
              2320.6993749999965,
              2331.3614579999994,
              2284.124582999997
            ]
          }
        }
      }
    }
  ]
}